Recall,Precision
0,1
0.000561797752808989,1
0.00112359550561798,1
0.00168539325842697,1
0.00224719101123596,1
0.00280898876404494,1
0.00337078651685393,1
0.00393258426966292,1
0.00449438202247191,1
0.0050561797752809,1
0.00561797752808989,1
0.00617977528089888,1
0.00674157303370787,1
0.00730337078651685,1
0.00786516853932584,1
0.00842696629213483,1
0.00898876404494382,1
0.00955056179775281,1
0.0101123595505618,1
0.0106741573033708,1
0.0112359550561798,1
0.0117977528089888,1
0.0123595505617978,1
0.0129213483146067,1
0.0134831460674157,1
0.0140449438202247,1
0.0146067415730337,1
0.0151685393258427,1
0.0157303370786517,1
0.0162921348314607,1
0.0168539325842697,1
0.0174157303370787,1
0.0179775280898876,1
0.0179775280898876,0.96969696969697
0.0185393258426966,0.970588235294118
0.0191011235955056,0.971428571428571
0.0191011235955056,0.944444444444444
0.0196629213483146,0.945945945945946
0.0202247191011236,0.947368421052632
0.0207865168539326,0.948717948717949
0.0213483146067416,0.95
0.0219101123595506,0.951219512195122
0.0219101123595506,0.928571428571429
0.0224719101123595,0.930232558139535
0.0230337078651685,0.931818181818182
0.0235955056179775,0.933333333333333
0.0241573033707865,0.934782608695652
0.0247191011235955,0.936170212765957
0.0252808988764045,0.9375
0.0252808988764045,0.918367346938776
0.0252808988764045,0.9
0.0252808988764045,0.882352941176471
0.0252808988764045,0.865384615384615
0.0252808988764045,0.849056603773585
0.0252808988764045,0.833333333333333
0.0258426966292135,0.836363636363636
0.0258426966292135,0.821428571428571
0.0264044943820225,0.824561403508772
0.0264044943820225,0.810344827586207
0.0264044943820225,0.796610169491525
0.0264044943820225,0.783333333333333
0.0269662921348315,0.786885245901639
0.0269662921348315,0.774193548387097
0.0275280898876404,0.777777777777778
0.0280898876404494,0.78125
0.0286516853932584,0.784615384615385
0.0292134831460674,0.787878787878788
0.0297752808988764,0.791044776119403
0.0297752808988764,0.779411764705882
0.0303370786516854,0.782608695652174
0.0308988764044944,0.785714285714286
0.0314606741573034,0.788732394366197
0.0314606741573034,0.777777777777778
0.0314606741573034,0.767123287671233
0.0320224719101124,0.77027027027027
0.0320224719101124,0.76
0.0325842696629213,0.763157894736842
0.0331460674157303,0.766233766233766
0.0337078651685393,0.769230769230769
0.0342696629213483,0.772151898734177
0.0348314606741573,0.775
0.0353932584269663,0.777777777777778
0.0359550561797753,0.780487804878049
0.0365168539325843,0.783132530120482
0.0370786516853933,0.785714285714286
0.0376404494382022,0.788235294117647
0.0382022471910112,0.790697674418605
0.0387640449438202,0.793103448275862
0.0387640449438202,0.784090909090909
0.0393258426966292,0.786516853932584
0.0398876404494382,0.788888888888889
0.0404494382022472,0.791208791208791
0.0410112359550562,0.793478260869565
0.0410112359550562,0.78494623655914
0.0415730337078652,0.787234042553192
0.0421348314606742,0.789473684210526
0.0421348314606742,0.78125
0.0426966292134831,0.783505154639175
0.0426966292134831,0.775510204081633
0.0426966292134831,0.767676767676768
0.0426966292134831,0.76
0.0432584269662921,0.762376237623762
0.0432584269662921,0.754901960784314
0.0432584269662921,0.747572815533981
0.0438202247191011,0.75
0.0438202247191011,0.742857142857143
0.0443820224719101,0.745283018867924
0.0449438202247191,0.747663551401869
0.0455056179775281,0.75
0.0460674157303371,0.752293577981651
0.0466292134831461,0.754545454545455
0.0471910112359551,0.756756756756757
0.047752808988764,0.758928571428571
0.047752808988764,0.752212389380531
0.047752808988764,0.745614035087719
0.048314606741573,0.747826086956522
0.048314606741573,0.741379310344828
0.048314606741573,0.735042735042735
0.048876404494382,0.73728813559322
0.049438202247191,0.739495798319328
0.049438202247191,0.733333333333333
0.049438202247191,0.727272727272727
0.049438202247191,0.721311475409836
0.05,0.723577235772358
0.050561797752809,0.725806451612903
0.050561797752809,0.72
0.050561797752809,0.714285714285714
0.051123595505618,0.716535433070866
0.051685393258427,0.71875
0.051685393258427,0.713178294573643
0.051685393258427,0.707692307692308
0.051685393258427,0.702290076335878
0.051685393258427,0.696969696969697
0.052247191011236,0.699248120300752
0.0528089887640449,0.701492537313433
0.0528089887640449,0.696296296296296
0.0528089887640449,0.691176470588235
0.0528089887640449,0.686131386861314
0.0528089887640449,0.681159420289855
0.0528089887640449,0.676258992805755
0.0528089887640449,0.671428571428571
0.0533707865168539,0.673758865248227
0.0533707865168539,0.669014084507042
0.0539325842696629,0.671328671328671
0.0539325842696629,0.666666666666667
0.0544943820224719,0.668965517241379
0.0550561797752809,0.671232876712329
0.0556179775280899,0.673469387755102
0.0561797752808989,0.675675675675676
0.0567415730337079,0.677852348993289
0.0573033707865169,0.68
0.0573033707865169,0.675496688741722
0.0578651685393258,0.677631578947368
0.0578651685393258,0.673202614379085
0.0584269662921348,0.675324675324675
0.0584269662921348,0.670967741935484
0.0584269662921348,0.666666666666667
0.0584269662921348,0.662420382165605
0.0584269662921348,0.658227848101266
0.0589887640449438,0.660377358490566
0.0589887640449438,0.65625
0.0595505617977528,0.658385093167702
0.0595505617977528,0.654320987654321
0.0595505617977528,0.650306748466258
0.0601123595505618,0.652439024390244
0.0606741573033708,0.654545454545455
0.0606741573033708,0.650602409638554
0.0612359550561798,0.652694610778443
0.0617977528089888,0.654761904761905
0.0623595505617978,0.656804733727811
0.0623595505617978,0.652941176470588
0.0623595505617978,0.649122807017544
0.0629213483146067,0.651162790697674
0.0634831460674157,0.653179190751445
0.0634831460674157,0.649425287356322
0.0640449438202247,0.651428571428571
0.0640449438202247,0.647727272727273
0.0646067415730337,0.649717514124294
0.0646067415730337,0.646067415730337
0.0646067415730337,0.642458100558659
0.0651685393258427,0.644444444444444
0.0651685393258427,0.640883977900553
0.0657303370786517,0.642857142857143
0.0662921348314607,0.644808743169399
0.0668539325842697,0.646739130434783
0.0674157303370786,0.648648648648649
0.0679775280898876,0.650537634408602
0.0685393258426966,0.6524064171123
0.0691011235955056,0.654255319148936
0.0696629213483146,0.656084656084656
0.0696629213483146,0.652631578947368
0.0702247191011236,0.654450261780105
0.0702247191011236,0.651041666666667
0.0702247191011236,0.647668393782383
0.0702247191011236,0.644329896907217
0.0707865168539326,0.646153846153846
0.0707865168539326,0.642857142857143
0.0707865168539326,0.639593908629442
0.0707865168539326,0.636363636363636
0.0713483146067416,0.638190954773869
0.0719101123595506,0.64
0.0719101123595506,0.63681592039801
0.0719101123595506,0.633663366336634
0.0719101123595506,0.630541871921182
0.0719101123595506,0.627450980392157
0.0719101123595506,0.624390243902439
0.0719101123595506,0.621359223300971
0.0719101123595506,0.618357487922705
0.0719101123595506,0.615384615384615
0.0719101123595506,0.61244019138756
0.0724719101123596,0.614285714285714
0.0730337078651685,0.616113744075829
0.0735955056179775,0.617924528301887
0.0735955056179775,0.615023474178404
0.0735955056179775,0.61214953271028
0.0735955056179775,0.609302325581395
0.0741573033707865,0.611111111111111
0.0747191011235955,0.612903225806452
0.0747191011235955,0.610091743119266
0.0747191011235955,0.607305936073059
0.0752808988764045,0.609090909090909
0.0758426966292135,0.610859728506787
0.0758426966292135,0.608108108108108
0.0764044943820225,0.609865470852018
0.0764044943820225,0.607142857142857
0.0769662921348315,0.608888888888889
0.0769662921348315,0.606194690265487
0.0775280898876405,0.607929515418502
0.0780898876404494,0.609649122807018
0.0780898876404494,0.606986899563319
0.0780898876404494,0.604347826086956
0.0786516853932584,0.606060606060606
0.0792134831460674,0.607758620689655
0.0797752808988764,0.609442060085837
0.0803370786516854,0.611111111111111
0.0808988764044944,0.612765957446809
0.0814606741573034,0.614406779661017
0.0814606741573034,0.611814345991561
0.0814606741573034,0.609243697478992
0.0820224719101124,0.610878661087866
0.0825842696629213,0.6125
0.0825842696629213,0.609958506224066
0.0825842696629213,0.607438016528926
0.0825842696629213,0.604938271604938
0.0825842696629213,0.602459016393443
0.0831460674157303,0.604081632653061
0.0831460674157303,0.601626016260163
0.0831460674157303,0.59919028340081
0.0831460674157303,0.596774193548387
0.0831460674157303,0.594377510040161
0.0837078651685393,0.596
0.0837078651685393,0.593625498007968
0.0842696629213483,0.595238095238095
0.0848314606741573,0.596837944664032
0.0848314606741573,0.594488188976378
0.0853932584269663,0.596078431372549
0.0853932584269663,0.59375
0.0853932584269663,0.591439688715953
0.0859550561797753,0.593023255813954
0.0865168539325843,0.594594594594595
0.0865168539325843,0.592307692307692
0.0865168539325843,0.590038314176245
0.0865168539325843,0.587786259541985
0.0865168539325843,0.585551330798479
0.0865168539325843,0.583333333333333
0.0865168539325843,0.581132075471698
0.0870786516853933,0.582706766917293
0.0870786516853933,0.580524344569288
0.0870786516853933,0.578358208955224
0.0870786516853933,0.576208178438662
0.0870786516853933,0.574074074074074
0.0870786516853933,0.571955719557196
0.0876404494382022,0.573529411764706
0.0876404494382022,0.571428571428571
0.0882022471910112,0.572992700729927
0.0887640449438202,0.574545454545455
0.0887640449438202,0.572463768115942
0.0887640449438202,0.570397111913357
0.0887640449438202,0.568345323741007
0.0893258426966292,0.56989247311828
0.0893258426966292,0.567857142857143
0.0898876404494382,0.569395017793594
0.0898876404494382,0.567375886524823
0.0898876404494382,0.565371024734982
0.0898876404494382,0.563380281690141
0.0898876404494382,0.56140350877193
0.0904494382022472,0.562937062937063
0.0904494382022472,0.560975609756098
0.0904494382022472,0.559027777777778
0.0904494382022472,0.557093425605536
0.0904494382022472,0.555172413793103
0.0904494382022472,0.553264604810997
0.0910112359550562,0.554794520547945
0.0910112359550562,0.552901023890785
0.0910112359550562,0.551020408163265
0.0910112359550562,0.549152542372881
0.0915730337078652,0.550675675675676
0.0915730337078652,0.548821548821549
0.0915730337078652,0.546979865771812
0.0915730337078652,0.545150501672241
0.0915730337078652,0.543333333333333
0.0915730337078652,0.541528239202658
0.0915730337078652,0.539735099337748
0.0921348314606742,0.541254125412541
0.0921348314606742,0.539473684210526
0.0921348314606742,0.537704918032787
0.0921348314606742,0.535947712418301
0.0921348314606742,0.534201954397394
0.0921348314606742,0.532467532467532
0.0921348314606742,0.530744336569579
0.0926966292134832,0.532258064516129
0.0932584269662921,0.533762057877814
0.0932584269662921,0.532051282051282
0.0932584269662921,0.530351437699681
0.0932584269662921,0.528662420382166
0.0932584269662921,0.526984126984127
0.0932584269662921,0.525316455696203
0.0938202247191011,0.526813880126183
0.0943820224719101,0.528301886792453
0.0949438202247191,0.529780564263323
0.0949438202247191,0.528125
0.0955056179775281,0.529595015576324
0.0960674157303371,0.531055900621118
0.0966292134831461,0.532507739938081
0.0971910112359551,0.533950617283951
0.0971910112359551,0.532307692307692
0.0971910112359551,0.530674846625767
0.097752808988764,0.532110091743119
0.097752808988764,0.530487804878049
0.097752808988764,0.52887537993921
0.097752808988764,0.527272727272727
0.097752808988764,0.525679758308157
0.097752808988764,0.524096385542169
0.097752808988764,0.522522522522523
0.098314606741573,0.523952095808383
0.098314606741573,0.522388059701492
0.098314606741573,0.520833333333333
0.098314606741573,0.519287833827893
0.098314606741573,0.517751479289941
0.098876404494382,0.519174041297935
0.099438202247191,0.520588235294118
0.1,0.521994134897361
0.1,0.52046783625731
0.1,0.518950437317784
0.1,0.517441860465116
0.1,0.515942028985507
0.100561797752809,0.517341040462428
0.101123595505618,0.518731988472622
0.101123595505618,0.517241379310345
0.101123595505618,0.515759312320917
0.101123595505618,0.514285714285714
0.101685393258427,0.515669515669516
0.102247191011236,0.517045454545455
0.102247191011236,0.515580736543909
0.102247191011236,0.514124293785311
0.102808988764045,0.515492957746479
0.103370786516854,0.51685393258427
0.103932584269663,0.518207282913165
0.103932584269663,0.516759776536313
0.103932584269663,0.515320334261838
0.103932584269663,0.513888888888889
0.103932584269663,0.512465373961219
0.103932584269663,0.511049723756906
0.103932584269663,0.509641873278237
0.103932584269663,0.508241758241758
0.104494382022472,0.50958904109589
0.105056179775281,0.510928961748634
0.10561797752809,0.512261580381471
0.106179775280899,0.513586956521739
0.106179775280899,0.51219512195122
0.106741573033708,0.513513513513513
0.106741573033708,0.512129380053908
0.107303370786517,0.513440860215054
0.107865168539326,0.514745308310992
0.108426966292135,0.516042780748663
0.108426966292135,0.514666666666667
0.108426966292135,0.513297872340426
0.108988764044944,0.514588859416446
0.109550561797753,0.515873015873016
0.109550561797753,0.514511873350924
0.109550561797753,0.513157894736842
0.110112359550562,0.514435695538058
0.110674157303371,0.515706806282722
0.11123595505618,0.516971279373368
0.11123595505618,0.515625
0.111797752808989,0.516883116883117
0.111797752808989,0.515544041450777
0.111797752808989,0.51421188630491
0.111797752808989,0.512886597938144
0.111797752808989,0.511568123393316
0.112359550561798,0.512820512820513
0.112359550561798,0.51150895140665
0.112359550561798,0.510204081632653
0.112359550561798,0.508905852417303
0.112359550561798,0.50761421319797
0.112921348314607,0.508860759493671
0.112921348314607,0.507575757575758
0.113483146067416,0.508816120906801
0.113483146067416,0.507537688442211
0.113483146067416,0.506265664160401
0.113483146067416,0.505
0.113483146067416,0.503740648379052
0.114044943820225,0.504975124378109
0.114044943820225,0.503722084367246
0.114044943820225,0.502475247524752
0.114606741573034,0.503703703703704
0.114606741573034,0.502463054187192
0.115168539325843,0.503685503685504
0.115730337078652,0.504901960784314
0.115730337078652,0.503667481662592
0.115730337078652,0.502439024390244
0.115730337078652,0.501216545012166
0.115730337078652,0.5
0.116292134831461,0.501210653753027
0.116292134831461,0.5
0.116292134831461,0.498795180722892
0.116292134831461,0.497596153846154
0.116292134831461,0.496402877697842
0.11685393258427,0.497607655502392
0.11685393258427,0.496420047732697
0.11685393258427,0.495238095238095
0.11685393258427,0.494061757719715
0.11685393258427,0.492890995260663
0.11685393258427,0.491725768321513
0.117415730337079,0.492924528301887
0.117415730337079,0.491764705882353
0.117977528089888,0.492957746478873
0.117977528089888,0.491803278688525
0.118539325842697,0.492990654205608
0.119101123595506,0.494172494172494
0.119662921348315,0.495348837209302
0.119662921348315,0.494199535962877
0.119662921348315,0.493055555555556
0.120224719101124,0.494226327944573
0.120786516853933,0.495391705069124
0.120786516853933,0.494252873563218
0.120786516853933,0.493119266055046
0.121348314606742,0.494279176201373
0.121348314606742,0.493150684931507
0.121348314606742,0.492027334851936
0.121910112359551,0.493181818181818
0.121910112359551,0.492063492063492
0.121910112359551,0.490950226244344
0.12247191011236,0.492099322799097
0.12247191011236,0.490990990990991
0.12247191011236,0.489887640449438
0.12247191011236,0.488789237668161
0.12247191011236,0.487695749440716
0.12247191011236,0.486607142857143
0.12247191011236,0.485523385300668
0.12247191011236,0.484444444444444
0.12247191011236,0.483370288248337
0.12247191011236,0.482300884955752
0.12247191011236,0.481236203090508
0.12247191011236,0.480176211453745
0.12247191011236,0.479120879120879
0.123033707865169,0.480263157894737
0.123033707865169,0.479212253829322
0.123033707865169,0.478165938864629
0.123595505617978,0.479302832244009
0.123595505617978,0.478260869565217
0.123595505617978,0.477223427331887
0.123595505617978,0.476190476190476
0.123595505617978,0.475161987041037
0.123595505617978,0.474137931034483
0.123595505617978,0.473118279569892
0.124157303370787,0.474248927038627
0.124157303370787,0.473233404710921
0.124719101123596,0.474358974358974
0.124719101123596,0.473347547974414
0.124719101123596,0.472340425531915
0.124719101123596,0.471337579617834
0.124719101123596,0.470338983050847
0.125280898876405,0.471458773784355
0.125842696629213,0.472573839662447
0.125842696629213,0.471578947368421
0.125842696629213,0.470588235294118
0.126404494382022,0.471698113207547
0.126966292134831,0.472803347280335
0.126966292134831,0.471816283924843
0.126966292134831,0.470833333333333
0.126966292134831,0.46985446985447
0.126966292134831,0.468879668049793
0.126966292134831,0.467908902691511
0.12752808988764,0.46900826446281
0.12752808988764,0.468041237113402
0.12752808988764,0.467078189300412
0.12752808988764,0.46611909650924
0.12752808988764,0.465163934426229
0.12752808988764,0.464212678936605
0.12752808988764,0.463265306122449
0.12752808988764,0.462321792260692
0.12752808988764,0.461382113821138
0.12752808988764,0.460446247464503
0.12752808988764,0.459514170040486
0.12752808988764,0.458585858585859
0.12752808988764,0.457661290322581
0.128089887640449,0.458752515090543
0.128089887640449,0.457831325301205
0.128089887640449,0.456913827655311
0.128089887640449,0.456
0.128089887640449,0.455089820359281
0.128651685393258,0.456175298804781
0.128651685393258,0.455268389662028
0.129213483146067,0.456349206349206
0.129775280898876,0.457425742574257
0.129775280898876,0.456521739130435
0.129775280898876,0.455621301775148
0.130337078651685,0.456692913385827
0.130337078651685,0.455795677799607
0.130337078651685,0.454901960784314
0.130337078651685,0.454011741682975
0.130898876404494,0.455078125
0.130898876404494,0.454191033138402
0.130898876404494,0.453307392996109
0.131460674157303,0.454368932038835
0.131460674157303,0.453488372093023
0.131460674157303,0.452611218568665
0.131460674157303,0.451737451737452
0.131460674157303,0.450867052023121
0.131460674157303,0.45
0.131460674157303,0.449136276391555
0.131460674157303,0.448275862068966
0.131460674157303,0.447418738049713
0.131460674157303,0.446564885496183
0.131460674157303,0.445714285714286
0.132022471910112,0.446768060836502
0.132022471910112,0.445920303605313
0.132584269662921,0.446969696969697
0.132584269662921,0.446124763705104
0.132584269662921,0.445283018867925
0.132584269662921,0.444444444444444
0.132584269662921,0.443609022556391
0.13314606741573,0.444652908067542
0.13314606741573,0.443820224719101
0.13314606741573,0.442990654205607
0.13314606741573,0.442164179104478
0.133707865168539,0.443202979515829
0.133707865168539,0.442379182156134
0.133707865168539,0.441558441558442
0.134269662921348,0.442592592592593
0.134269662921348,0.44177449168207
0.134831460674157,0.44280442804428
0.134831460674157,0.441988950276243
0.135393258426966,0.443014705882353
0.135393258426966,0.442201834862385
0.135393258426966,0.441391941391941
0.135393258426966,0.440585009140768
0.135393258426966,0.43978102189781
0.135393258426966,0.438979963570128
0.135393258426966,0.438181818181818
0.135393258426966,0.437386569872958
0.135393258426966,0.436594202898551
0.135393258426966,0.435804701627486
0.135393258426966,0.435018050541516
0.135393258426966,0.434234234234234
0.135393258426966,0.433453237410072
0.135955056179775,0.434470377019749
0.136516853932584,0.435483870967742
0.136516853932584,0.434704830053667
0.136516853932584,0.433928571428571
0.137078651685393,0.4349376114082
0.137078651685393,0.434163701067616
0.137078651685393,0.433392539964476
0.137640449438202,0.434397163120567
0.137640449438202,0.433628318584071
0.137640449438202,0.432862190812721
0.138202247191011,0.433862433862434
0.138202247191011,0.433098591549296
0.138202247191011,0.432337434094903
0.138202247191011,0.431578947368421
0.138202247191011,0.430823117338003
0.138202247191011,0.43006993006993
0.138202247191011,0.429319371727749
0.138202247191011,0.428571428571429
0.13876404494382,0.429565217391304
0.13876404494382,0.428819444444444
0.139325842696629,0.429809358752166
0.139325842696629,0.429065743944637
0.139325842696629,0.42832469775475
0.139325842696629,0.427586206896552
0.139325842696629,0.426850258175559
0.139325842696629,0.426116838487972
0.139325842696629,0.425385934819897
0.139325842696629,0.424657534246575
0.139887640449438,0.425641025641026
0.140449438202247,0.426621160409556
0.140449438202247,0.425894378194208
0.140449438202247,0.425170068027211
0.140449438202247,0.424448217317487
0.140449438202247,0.423728813559322
0.140449438202247,0.423011844331641
0.140449438202247,0.422297297297297
0.140449438202247,0.421585160202361
0.140449438202247,0.420875420875421
0.140449438202247,0.420168067226891
0.140449438202247,0.419463087248322
0.140449438202247,0.418760469011725
0.140449438202247,0.418060200668896
0.140449438202247,0.417362270450751
0.140449438202247,0.416666666666667
0.140449438202247,0.415973377703827
0.140449438202247,0.415282392026578
0.140449438202247,0.414593698175788
0.140449438202247,0.413907284768212
0.140449438202247,0.413223140495868
0.140449438202247,0.412541254125413
0.141011235955056,0.413509060955519
0.141011235955056,0.412828947368421
0.141011235955056,0.412151067323481
0.141011235955056,0.411475409836066
0.141011235955056,0.410801963993453
0.141011235955056,0.410130718954248
0.141011235955056,0.409461663947798
0.141011235955056,0.408794788273616
0.141011235955056,0.408130081300813
0.141011235955056,0.407467532467532
0.141011235955056,0.406807131280389
0.141011235955056,0.406148867313916
0.141011235955056,0.405492730210016
0.141011235955056,0.404838709677419
0.141011235955056,0.404186795491143
0.141011235955056,0.403536977491961
0.141011235955056,0.402889245585875
0.141573033707865,0.403846153846154
0.141573033707865,0.4032
0.142134831460674,0.404153354632588
0.142134831460674,0.403508771929825
0.142134831460674,0.402866242038217
0.142134831460674,0.402225755166932
0.142134831460674,0.401587301587302
0.142134831460674,0.40095087163233
0.142134831460674,0.400316455696203
0.142696629213483,0.401263823064771
0.143258426966292,0.402208201892744
0.143258426966292,0.401574803149606
0.143258426966292,0.400943396226415
0.143258426966292,0.400313971742543
0.143258426966292,0.399686520376176
0.143258426966292,0.39906103286385
0.143258426966292,0.3984375
0.143820224719101,0.399375975039002
0.143820224719101,0.398753894080997
0.143820224719101,0.398133748055988
0.143820224719101,0.397515527950311
0.143820224719101,0.396899224806202
0.143820224719101,0.396284829721362
0.143820224719101,0.395672333848532
0.143820224719101,0.395061728395062
0.143820224719101,0.394453004622496
0.143820224719101,0.393846153846154
0.143820224719101,0.393241167434716
0.14438202247191,0.394171779141104
0.14438202247191,0.393568147013783
0.14438202247191,0.392966360856269
0.14438202247191,0.39236641221374
0.14438202247191,0.391768292682927
0.14438202247191,0.39117199391172
0.144943820224719,0.39209726443769
0.145505617977528,0.393019726858877
0.146067415730337,0.393939393939394
0.146067415730337,0.393343419062027
0.146629213483146,0.394259818731118
0.146629213483146,0.393665158371041
0.146629213483146,0.393072289156627
0.146629213483146,0.392481203007519
0.147191011235955,0.393393393393393
0.147752808988764,0.394302848575712
0.147752808988764,0.393712574850299
0.147752808988764,0.393124065769806
0.147752808988764,0.392537313432836
0.147752808988764,0.391952309985097
0.147752808988764,0.391369047619048
0.147752808988764,0.390787518573551
0.148314606741573,0.391691394658754
0.148876404494382,0.392592592592593
0.148876404494382,0.392011834319527
0.148876404494382,0.391432791728213
0.148876404494382,0.390855457227139
0.149438202247191,0.391752577319588
0.149438202247191,0.391176470588235
0.149438202247191,0.390602055800294
0.149438202247191,0.390029325513196
0.149438202247191,0.389458272327965
0.15,0.390350877192982
0.15,0.38978102189781
0.15,0.389212827988338
0.15,0.388646288209607
0.15,0.388081395348837
0.15,0.387518142235123
0.150561797752809,0.388405797101449
0.150561797752809,0.387843704775687
0.151123595505618,0.388728323699422
0.151123595505618,0.388167388167388
0.151123595505618,0.387608069164265
0.151123595505618,0.38705035971223
0.151123595505618,0.386494252873563
0.151123595505618,0.385939741750359
0.151123595505618,0.385386819484241
0.151123595505618,0.38483547925608
0.151123595505618,0.384285714285714
0.151123595505618,0.383737517831669
0.151123595505618,0.383190883190883
0.151123595505618,0.382645803698435
0.151123595505618,0.382102272727273
0.151685393258427,0.382978723404255
0.151685393258427,0.382436260623229
0.151685393258427,0.381895332390382
0.152247191011236,0.382768361581921
0.152247191011236,0.382228490832158
0.152247191011236,0.38169014084507
0.152808988764045,0.382559774964838
0.152808988764045,0.382022471910112
0.152808988764045,0.38148667601683
0.152808988764045,0.380952380952381
0.152808988764045,0.38041958041958
0.152808988764045,0.379888268156425
0.152808988764045,0.379358437935844
0.152808988764045,0.37883008356546
0.153370786516854,0.379694019471488
0.153370786516854,0.379166666666667
0.153370786516854,0.378640776699029
0.153370786516854,0.378116343490305
0.153370786516854,0.377593360995851
0.153370786516854,0.37707182320442
0.153370786516854,0.376551724137931
0.153932584269663,0.377410468319559
0.153932584269663,0.376891334250344
0.154494382022472,0.377747252747253
0.154494382022472,0.377229080932785
0.154494382022472,0.376712328767123
0.154494382022472,0.376196990424077
0.155056179775281,0.377049180327869
0.155056179775281,0.376534788540246
0.155056179775281,0.376021798365123
0.155056179775281,0.375510204081633
0.155056179775281,0.375
0.155056179775281,0.37449118046133
0.155056179775281,0.373983739837398
0.15561797752809,0.374830852503383
0.15561797752809,0.374324324324324
0.15561797752809,0.373819163292847
0.15561797752809,0.373315363881402
0.15561797752809,0.372812920592194
0.15561797752809,0.372311827956989
0.15561797752809,0.371812080536913
0.15561797752809,0.371313672922252
0.15561797752809,0.370816599732262
0.15561797752809,0.370320855614973
0.15561797752809,0.369826435246996
0.15561797752809,0.369333333333333
0.15561797752809,0.36884154460719
0.15561797752809,0.368351063829787
0.15561797752809,0.367861885790173
0.15561797752809,0.36737400530504
0.15561797752809,0.366887417218543
0.15561797752809,0.366402116402116
0.15561797752809,0.365918097754293
0.15561797752809,0.365435356200528
0.15561797752809,0.364953886693017
0.156179775280899,0.365789473684211
0.156179775280899,0.365308804204993
0.156179775280899,0.364829396325459
0.156179775280899,0.36435124508519
0.156179775280899,0.363874345549738
0.156179775280899,0.363398692810458
0.156179775280899,0.362924281984334
0.156179775280899,0.36245110821382
0.156179775280899,0.361979166666667
0.156741573033708,0.362808842652796
0.157303370786517,0.363636363636364
0.157303370786517,0.363164721141375
0.157303370786517,0.362694300518135
0.157303370786517,0.36222509702458
0.157303370786517,0.361757105943152
0.157865168539326,0.36258064516129
0.157865168539326,0.362113402061856
0.157865168539326,0.361647361647362
0.157865168539326,0.361182519280206
0.158426966292135,0.362002567394095
0.158426966292135,0.361538461538462
0.158988764044944,0.36235595390525
0.158988764044944,0.361892583120205
0.158988764044944,0.361430395913155
0.158988764044944,0.360969387755102
0.158988764044944,0.360509554140127
0.158988764044944,0.360050890585242
0.158988764044944,0.359593392630241
0.158988764044944,0.359137055837563
0.158988764044944,0.358681875792142
0.158988764044944,0.358227848101266
0.158988764044944,0.357774968394437
0.158988764044944,0.357323232323232
0.158988764044944,0.35687263556116
0.158988764044944,0.356423173803526
0.158988764044944,0.355974842767296
0.158988764044944,0.355527638190955
0.158988764044944,0.355081555834379
0.158988764044944,0.354636591478697
0.158988764044944,0.354192740926158
0.158988764044944,0.35375
0.158988764044944,0.35330836454432
0.158988764044944,0.35286783042394
0.158988764044944,0.352428393524284
0.158988764044944,0.351990049751244
0.159550561797753,0.352795031055901
0.159550561797753,0.352357320099256
0.159550561797753,0.351920693928129
0.159550561797753,0.351485148514851
0.159550561797753,0.351050679851669
0.159550561797753,0.350617283950617
0.159550561797753,0.350184956843403
0.159550561797753,0.349753694581281
0.159550561797753,0.349323493234932
0.160112359550562,0.35012285012285
0.160112359550562,0.349693251533742
0.160112359550562,0.349264705882353
0.160112359550562,0.348837209302326
0.160112359550562,0.34841075794621
0.160112359550562,0.347985347985348
0.160674157303371,0.348780487804878
0.160674157303371,0.348355663824604
0.160674157303371,0.347931873479319
0.160674157303371,0.347509113001215
0.16123595505618,0.348300970873786
0.161797752808989,0.349090909090909
0.161797752808989,0.348668280871671
0.161797752808989,0.348246674727932
0.162359550561798,0.349033816425121
0.162359550561798,0.348612786489747
0.162359550561798,0.348192771084337
0.162359550561798,0.34777376654633
0.162359550561798,0.347355769230769
0.162359550561798,0.346938775510204
0.162359550561798,0.34652278177458
0.162359550561798,0.346107784431138
0.162359550561798,0.345693779904306
0.162921348314607,0.34647550776583
0.162921348314607,0.346062052505967
0.162921348314607,0.34564958283671
0.162921348314607,0.345238095238095
0.162921348314607,0.344827586206897
0.162921348314607,0.344418052256532
0.162921348314607,0.344009489916963
0.162921348314607,0.343601895734597
0.162921348314607,0.343195266272189
0.162921348314607,0.342789598108747
0.162921348314607,0.342384887839433
0.162921348314607,0.341981132075472
0.162921348314607,0.341578327444052
0.162921348314607,0.341176470588235
0.162921348314607,0.340775558166863
0.162921348314607,0.34037558685446
0.162921348314607,0.339976553341149
0.162921348314607,0.339578454332553
0.162921348314607,0.339181286549708
0.162921348314607,0.338785046728972
0.162921348314607,0.338389731621937
0.162921348314607,0.337995337995338
0.162921348314607,0.337601862630966
0.162921348314607,0.337209302325581
0.162921348314607,0.336817653890825
0.162921348314607,0.336426914153132
0.162921348314607,0.33603707995365
0.162921348314607,0.335648148148148
0.162921348314607,0.335260115606936
0.162921348314607,0.334872979214781
0.162921348314607,0.334486735870819
0.162921348314607,0.334101382488479
0.162921348314607,0.333716915995397
0.162921348314607,0.333333333333333
0.162921348314607,0.332950631458094
0.162921348314607,0.33256880733945
0.163483146067416,0.333333333333333
0.163483146067416,0.332951945080092
0.163483146067416,0.332571428571429
0.164044943820225,0.333333333333333
0.164044943820225,0.332953249714937
0.164606741573034,0.33371298405467
0.164606741573034,0.333333333333333
0.164606741573034,0.332954545454545
0.164606741573034,0.332576617480136
0.164606741573034,0.332199546485261
0.164606741573034,0.331823329558324
0.164606741573034,0.331447963800905
0.164606741573034,0.331073446327684
0.164606741573034,0.330699774266366
0.164606741573034,0.33032694475761
0.164606741573034,0.329954954954955
0.165168539325843,0.330708661417323
0.165730337078652,0.331460674157303
0.165730337078652,0.331088664421998
0.166292134831461,0.331838565022422
0.166292134831461,0.331466965285554
0.166292134831461,0.331096196868009
0.166292134831461,0.33072625698324
0.16685393258427,0.331473214285714
0.16685393258427,0.331103678929766
0.16685393258427,0.330734966592428
0.16685393258427,0.330367074527253
0.16685393258427,0.33
0.16685393258427,0.329633740288568
0.16685393258427,0.329268292682927
0.16685393258427,0.32890365448505
0.16685393258427,0.32853982300885
0.16685393258427,0.32817679558011
0.16685393258427,0.327814569536424
0.167415730337079,0.328555678059537
0.167415730337079,0.328193832599119
0.167415730337079,0.327832783278328
0.167415730337079,0.327472527472527
0.167415730337079,0.327113062568606
0.167415730337079,0.326754385964912
0.167415730337079,0.326396495071194
0.167415730337079,0.326039387308534
0.167415730337079,0.32568306010929
0.167977528089888,0.326419213973799
0.167977528089888,0.326063249727372
0.167977528089888,0.325708061002179
0.167977528089888,0.325353645266594
0.167977528089888,0.325
0.167977528089888,0.324647122692725
0.167977528089888,0.324295010845987
0.168539325842697,0.325027085590466
0.168539325842697,0.324675324675325
0.168539325842697,0.324324324324324
0.168539325842697,0.323974082073434
0.168539325842697,0.323624595469256
0.168539325842697,0.323275862068966
0.168539325842697,0.322927879440258
0.169101123595506,0.323655913978495
0.169101123595506,0.323308270676692
0.169101123595506,0.322961373390558
0.169101123595506,0.322615219721329
0.169101123595506,0.322269807280514
0.169101123595506,0.32192513368984
0.169101123595506,0.321581196581197
0.169101123595506,0.321237993596585
0.169101123595506,0.32089552238806
0.169101123595506,0.320553780617678
0.169101123595506,0.320212765957447
0.169101123595506,0.319872476089267
0.169101123595506,0.319532908704883
0.169101123595506,0.319194061505832
0.169662921348315,0.319915254237288
0.169662921348315,0.31957671957672
0.169662921348315,0.319238900634249
0.169662921348315,0.318901795142555
0.169662921348315,0.318565400843882
0.169662921348315,0.318229715489989
0.169662921348315,0.317894736842105
0.169662921348315,0.317560462670873
0.169662921348315,0.317226890756303
0.170224719101124,0.31794333683106
0.170224719101124,0.317610062893082
0.170786516853933,0.318324607329843
0.170786516853933,0.317991631799163
0.170786516853933,0.317659352142111
0.170786516853933,0.317327766179541
0.170786516853933,0.316996871741397
0.170786516853933,0.316666666666667
0.170786516853933,0.31633714880333
0.170786516853933,0.316008316008316
0.170786516853933,0.315680166147456
0.170786516853933,0.315352697095436
0.170786516853933,0.315025906735751
0.170786516853933,0.314699792960663
0.171348314606742,0.31540847983454
0.171348314606742,0.315082644628099
0.171910112359551,0.315789473684211
0.171910112359551,0.315463917525773
0.171910112359551,0.31513903192585
0.171910112359551,0.314814814814815
0.171910112359551,0.314491264131552
0.171910112359551,0.314168377823409
0.171910112359551,0.313846153846154
0.171910112359551,0.313524590163934
0.171910112359551,0.313203684749232
0.171910112359551,0.312883435582822
0.171910112359551,0.312563840653728
0.171910112359551,0.312244897959184
0.171910112359551,0.311926605504587
0.171910112359551,0.311608961303462
0.171910112359551,0.311291963377416
0.17247191011236,0.311991869918699
0.17247191011236,0.311675126903553
0.17247191011236,0.311359026369168
0.17247191011236,0.311043566362715
0.17247191011236,0.310728744939271
0.173033707865169,0.311425682507583
0.173033707865169,0.311111111111111
0.173033707865169,0.31079717457114
0.173033707865169,0.310483870967742
0.173595505617978,0.311178247734139
0.173595505617978,0.310865191146881
0.173595505617978,0.310552763819095
0.173595505617978,0.310240963855422
0.173595505617978,0.309929789368104
0.173595505617978,0.309619238476954
0.173595505617978,0.309309309309309
0.173595505617978,0.309
0.173595505617978,0.308691308691309
0.173595505617978,0.308383233532934
0.174157303370787,0.309072781655035
0.174157303370787,0.308764940239044
0.174157303370787,0.308457711442786
0.174157303370787,0.308151093439364
0.174157303370787,0.307845084409136
0.174157303370787,0.307539682539683
0.174719101123596,0.308225966303271
0.175280898876404,0.308910891089109
0.175280898876404,0.308605341246291
0.175280898876404,0.308300395256917
0.175280898876404,0.307996051332675
0.175280898876404,0.307692307692308
0.175280898876404,0.307389162561576
0.175280898876404,0.307086614173228
0.175280898876404,0.306784660766962
0.175280898876404,0.306483300589391
0.175280898876404,0.306182531894014
0.175280898876404,0.305882352941176
0.175280898876404,0.305582761998041
0.175280898876404,0.305283757338552
0.175280898876404,0.304985337243402
0.175280898876404,0.3046875
0.175280898876404,0.304390243902439
0.175280898876404,0.304093567251462
0.175280898876404,0.30379746835443
0.175280898876404,0.303501945525292
0.175842696629213,0.304178814382896
0.175842696629213,0.303883495145631
0.175842696629213,0.303588748787585
0.175842696629213,0.303294573643411
0.175842696629213,0.303000968054211
0.175842696629213,0.302707930367505
0.175842696629213,0.302415458937198
0.175842696629213,0.302123552123552
0.175842696629213,0.301832208293153
0.175842696629213,0.301541425818882
0.175842696629213,0.301251203079885
0.175842696629213,0.300961538461538
0.175842696629213,0.300672430355427
0.175842696629213,0.300383877159309
0.175842696629213,0.300095877277085
0.175842696629213,0.299808429118774
0.175842696629213,0.299521531100478
0.175842696629213,0.299235181644359
0.175842696629213,0.298949379178606
0.175842696629213,0.298664122137405
0.175842696629213,0.298379408960915
0.175842696629213,0.298095238095238
0.175842696629213,0.297811607992388
0.175842696629213,0.297528517110266
0.175842696629213,0.297245963912631
0.175842696629213,0.29696394686907
0.175842696629213,0.296682464454976
0.175842696629213,0.296401515151515
0.175842696629213,0.296121097445601
0.175842696629213,0.295841209829868
0.175842696629213,0.295561850802644
0.175842696629213,0.295283018867925
0.175842696629213,0.295004712535344
0.175842696629213,0.294726930320151
0.175842696629213,0.29444967074318
0.175842696629213,0.294172932330827
0.175842696629213,0.293896713615023
0.175842696629213,0.293621013133208
0.175842696629213,0.293345829428304
0.176404494382022,0.294007490636704
0.176404494382022,0.293732460243218
0.176404494382022,0.293457943925234
0.176404494382022,0.293183940242764
0.176404494382022,0.292910447761194
0.176404494382022,0.292637465051258
0.176404494382022,0.292364990689013
0.176404494382022,0.292093023255814
0.176404494382022,0.29182156133829
0.176404494382022,0.291550603528319
0.176966292134831,0.292207792207792
0.176966292134831,0.291936978683967
0.176966292134831,0.291666666666667
0.176966292134831,0.291396854764107
0.176966292134831,0.291127541589649
0.176966292134831,0.290858725761773
0.176966292134831,0.290590405904059
0.176966292134831,0.290322580645161
0.17752808988764,0.29097605893186
0.17752808988764,0.290708371665133
0.17752808988764,0.290441176470588
0.17752808988764,0.290174471992654
0.17752808988764,0.289908256880734
0.17752808988764,0.289642529789184
0.17752808988764,0.289377289377289
0.17752808988764,0.289112534309241
0.17752808988764,0.288848263254113
0.178089887640449,0.289497716894977
0.178089887640449,0.289233576642336
0.178089887640449,0.288969917958067
0.178089887640449,0.288706739526412
0.178089887640449,0.288444040036397
0.178089887640449,0.288181818181818
0.178089887640449,0.287920072661217
0.178089887640449,0.287658802177858
0.178089887640449,0.28739800543971
0.178089887640449,0.28713768115942
0.178089887640449,0.286877828054299
0.178089887640449,0.286618444846293
0.178089887640449,0.286359530261969
0.178089887640449,0.286101083032491
0.178089887640449,0.285843101893598
0.178089887640449,0.285585585585586
0.178089887640449,0.285328532853285
0.178089887640449,0.285071942446043
0.178089887640449,0.2848158131177
0.178089887640449,0.284560143626571
0.178089887640449,0.284304932735426
0.178089887640449,0.28405017921147
0.178089887640449,0.28379588182632
0.178089887640449,0.283542039355993
0.178089887640449,0.283288650580876
0.178089887640449,0.283035714285714
0.178089887640449,0.28278322925959
0.178089887640449,0.2825311942959
0.178089887640449,0.282279608192342
0.178089887640449,0.28202846975089
0.178089887640449,0.281777777777778
0.178089887640449,0.281527531083481
0.178089887640449,0.281277728482697
0.178089887640449,0.281028368794326
0.178089887640449,0.280779450841453
0.178651685393258,0.28141592920354
0.179213483146067,0.282051282051282
0.179213483146067,0.281802120141343
0.179213483146067,0.281553398058252
0.179213483146067,0.281305114638448
0.179775280898876,0.281938325991189
0.179775280898876,0.28169014084507
0.179775280898876,0.281442392260334
0.180337078651685,0.28207381370826
0.180337078651685,0.281826163301141
0.180337078651685,0.281578947368421
0.180337078651685,0.281332164767748
0.180337078651685,0.281085814360771
0.180337078651685,0.280839895013123
0.180337078651685,0.280594405594406
0.180337078651685,0.280349344978166
0.180337078651685,0.280104712041885
0.180337078651685,0.279860505666957
0.180337078651685,0.279616724738676
0.180337078651685,0.279373368146214
0.180337078651685,0.279130434782609
0.180337078651685,0.278887923544744
0.180898876404494,0.279513888888889
0.180898876404494,0.279271465741544
0.180898876404494,0.279029462738302
0.180898876404494,0.278787878787879
0.180898876404494,0.278546712802768
0.180898876404494,0.278305963699222
0.180898876404494,0.278065630397237
0.180898876404494,0.277825711820535
0.181460674157303,0.278448275862069
0.181460674157303,0.278208440999139
0.181460674157303,0.277969018932874
0.181460674157303,0.277730008598452
0.181460674157303,0.277491408934708
0.181460674157303,0.27725321888412
0.181460674157303,0.277015437392796
0.182022471910112,0.277634961439589
0.182022471910112,0.277397260273973
0.182022471910112,0.27715996578272
0.182022471910112,0.276923076923077
0.182022471910112,0.27668659265585
0.182584269662921,0.277303754266212
0.18314606741573,0.277919863597613
0.18314606741573,0.277683134582624
0.18314606741573,0.277446808510638
0.18314606741573,0.277210884353741
0.18314606741573,0.276975361087511
0.18314606741573,0.276740237691002
0.183707865168539,0.27735368956743
0.184269662921348,0.277966101694915
0.184269662921348,0.277730736663844
0.184831460674157,0.27834179357022
0.184831460674157,0.27810650887574
0.184831460674157,0.277871621621622
0.185393258426966,0.278481012658228
0.185393258426966,0.278246205733558
0.185955056179775,0.278854254422915
0.185955056179775,0.278619528619529
0.185955056179775,0.27838519764508
0.186516853932584,0.278991596638655
0.186516853932584,0.278757346767422
0.186516853932584,0.278523489932886
0.186516853932584,0.278290025146689
0.187078651685393,0.278894472361809
0.187640449438202,0.279497907949791
0.187640449438202,0.279264214046823
0.188202247191011,0.279866332497911
0.188202247191011,0.279632721202003
0.188202247191011,0.279399499582986
0.188202247191011,0.279166666666667
0.188202247191011,0.278934221482098
0.18876404494382,0.279534109816972
0.18876404494382,0.27930174563591
0.18876404494382,0.27906976744186
0.189325842696629,0.279668049792531
0.189325842696629,0.279436152570481
0.189325842696629,0.27920463960232
0.189325842696629,0.278973509933775
0.189887640449438,0.279569892473118
0.189887640449438,0.279338842975207
0.189887640449438,0.279108175061932
0.190449438202247,0.27970297029703
0.190449438202247,0.279472382522671
0.190449438202247,0.279242174629325
0.191011235955056,0.279835390946502
0.191011235955056,0.279605263157895
0.191011235955056,0.279375513557929
0.191011235955056,0.279146141215107
0.191011235955056,0.278917145200984
0.191011235955056,0.278688524590164
0.191011235955056,0.278460278460278
0.191573033707865,0.279050736497545
0.192134831460674,0.279640228945217
0.192134831460674,0.279411764705882
0.192134831460674,0.279183673469388
0.192696629213483,0.279771615008157
0.193258426966292,0.280358598207009
0.193258426966292,0.280130293159609
0.193258426966292,0.279902359641985
0.193258426966292,0.279674796747967
0.193258426966292,0.27944760357433
0.193258426966292,0.279220779220779
0.193820224719101,0.279805352798054
0.193820224719101,0.279578606158833
0.19438202247191,0.280161943319838
0.19438202247191,0.279935275080906
0.19438202247191,0.279708973322555
0.19438202247191,0.279483037156704
0.19438202247191,0.279257465698144
0.19438202247191,0.279032258064516
0.19438202247191,0.278807413376309
0.19438202247191,0.278582930756844
0.194943820224719,0.279163314561545
0.194943820224719,0.278938906752412
0.194943820224719,0.278714859437751
0.194943820224719,0.278491171749599
0.194943820224719,0.278267842822775
0.195505617977528,0.278846153846154
0.195505617977528,0.278622898318655
0.195505617977528,0.2784
0.195505617977528,0.278177458033573
0.195505617977528,0.277955271565495
0.195505617977528,0.277733439744613
0.195505617977528,0.277511961722488
0.196067415730337,0.27808764940239
0.196629213483146,0.278662420382166
0.196629213483146,0.278440731901352
0.196629213483146,0.278219395866455
0.196629213483146,0.277998411437649
0.197191011235955,0.278571428571429
0.197191011235955,0.278350515463918
0.197191011235955,0.278129952456418
0.197191011235955,0.27790973871734
0.197191011235955,0.277689873417722
0.197191011235955,0.277470355731225
0.197191011235955,0.277251184834123
0.197191011235955,0.277032359905288
0.197191011235955,0.276813880126183
0.197191011235955,0.276595744680851
0.197191011235955,0.276377952755905
0.197191011235955,0.276160503540519
0.197191011235955,0.275943396226415
0.197191011235955,0.275726630007855
0.197191011235955,0.275510204081633
0.197191011235955,0.275294117647059
0.197191011235955,0.275078369905956
0.197752808988764,0.275646045418951
0.197752808988764,0.275430359937402
0.197752808988764,0.275215011727912
0.197752808988764,0.275
0.197752808988764,0.274785323965652
0.197752808988764,0.274570982839314
0.198314606741573,0.275136399064692
0.198314606741573,0.274922118380062
0.198314606741573,0.274708171206226
0.198314606741573,0.274494556765163
0.198314606741573,0.274281274281274
0.198314606741573,0.274068322981366
0.198314606741573,0.273855702094647
0.198876404494382,0.274418604651163
0.198876404494382,0.27420604182804
0.198876404494382,0.273993808049536
0.199438202247191,0.274555297757154
0.199438202247191,0.274343122102009
0.199438202247191,0.274131274131274
0.2,0.274691358024691
0.2,0.274479568234387
0.2,0.274268104776579
0.2,0.274056966897614
0.2,0.273846153846154
0.2,0.273635664873174
0.2,0.273425499231951
0.2,0.273215656178051
0.2,0.273006134969325
0.2,0.2727969348659
0.200561797752809,0.273353751914242
0.200561797752809,0.273144605967865
0.200561797752809,0.272935779816514
0.200561797752809,0.272727272727273
0.200561797752809,0.272519083969466
0.200561797752809,0.272311212814645
0.200561797752809,0.272103658536585
0.200561797752809,0.271896420411272
0.200561797752809,0.271689497716895
0.200561797752809,0.27148288973384
0.200561797752809,0.271276595744681
0.200561797752809,0.271070615034169
0.200561797752809,0.270864946889226
0.200561797752809,0.270659590598939
0.200561797752809,0.270454545454545
0.200561797752809,0.270249810749432
0.200561797752809,0.270045385779123
0.200561797752809,0.26984126984127
0.200561797752809,0.26963746223565
0.200561797752809,0.269433962264151
0.200561797752809,0.269230769230769
0.200561797752809,0.269027882441598
0.200561797752809,0.268825301204819
0.200561797752809,0.2686230248307
0.200561797752809,0.268421052631579
0.200561797752809,0.268219383921863
0.200561797752809,0.268018018018018
0.200561797752809,0.26781695423856
0.200561797752809,0.267616191904048
0.200561797752809,0.267415730337079
0.200561797752809,0.267215568862275
0.200561797752809,0.267015706806283
0.200561797752809,0.266816143497758
0.200561797752809,0.266616878267364
0.200561797752809,0.266417910447761
0.200561797752809,0.266219239373602
0.200561797752809,0.26602086438152
0.200561797752809,0.265822784810127
0.200561797752809,0.265625
0.200561797752809,0.26542750929368
0.200561797752809,0.265230312035661
0.200561797752809,0.265033407572383
0.200561797752809,0.264836795252226
0.200561797752809,0.2646404744255
0.200561797752809,0.264444444444444
0.201123595505618,0.264988897113249
0.201123595505618,0.264792899408284
0.201123595505618,0.26459719142646
0.201123595505618,0.264401772525849
0.201123595505618,0.264206642066421
0.201123595505618,0.26401179941003
0.201123595505618,0.263817243920413
0.201123595505618,0.263622974963181
0.201123595505618,0.263428991905813
0.201123595505618,0.263235294117647
0.201685393258427,0.263776634827333
0.201685393258427,0.263582966226138
0.201685393258427,0.263389581804842
0.201685393258427,0.263196480938416
0.201685393258427,0.263003663003663
0.201685393258427,0.262811127379209
0.201685393258427,0.262618873445501
0.201685393258427,0.262426900584795
0.201685393258427,0.262235208181154
0.201685393258427,0.262043795620438
0.201685393258427,0.261852662290299
0.201685393258427,0.261661807580175
0.201685393258427,0.261471230881282
0.201685393258427,0.261280931586608
0.201685393258427,0.261090909090909
0.201685393258427,0.260901162790698
0.201685393258427,0.260711692084241
0.201685393258427,0.260522496371553
0.201685393258427,0.260333575054387
0.202247191011236,0.260869565217391
0.202247191011236,0.260680666183925
0.202247191011236,0.260492040520984
0.202247191011236,0.260303687635575
0.202247191011236,0.260115606936416
0.202247191011236,0.259927797833935
0.202247191011236,0.25974025974026
0.202247191011236,0.259552992069214
0.202247191011236,0.259365994236311
0.202247191011236,0.259179265658747
0.202247191011236,0.258992805755396
0.202247191011236,0.258806613946801
0.202247191011236,0.258620689655172
0.202808988764045,0.259152907394113
0.202808988764045,0.25896700143472
0.202808988764045,0.258781362007168
0.202808988764045,0.258595988538682
0.202808988764045,0.258410880458125
0.202808988764045,0.258226037195994
0.202808988764045,0.258041458184417
0.202808988764045,0.257857142857143
0.202808988764045,0.257673090649536
0.202808988764045,0.257489300998573
0.202808988764045,0.257305773342837
0.202808988764045,0.257122507122507
0.202808988764045,0.256939501779359
0.202808988764045,0.256756756756757
0.202808988764045,0.256574271499645
0.202808988764045,0.256392045454545
0.202808988764045,0.256210078069553
0.202808988764045,0.256028368794326
0.202808988764045,0.255846917080085
0.202808988764045,0.255665722379603
0.202808988764045,0.255484784147205
0.202808988764045,0.255304101838755
0.202808988764045,0.255123674911661
0.202808988764045,0.254943502824859
0.202808988764045,0.254763585038814
0.202808988764045,0.254583921015515
0.202808988764045,0.254404510218464
0.202808988764045,0.254225352112676
0.202808988764045,0.254046446164673
0.202808988764045,0.253867791842475
0.202808988764045,0.253689388615601
0.203370786516854,0.254213483146067
0.203370786516854,0.254035087719298
0.203932584269663,0.254558204768583
0.203932584269663,0.25437981779958
0.203932584269663,0.254201680672269
0.204494382022472,0.254723582925122
0.204494382022472,0.254545454545455
0.204494382022472,0.254367575122292
0.204494382022472,0.254189944134078
0.204494382022472,0.254012561060712
0.205056179775281,0.254532775453278
0.205056179775281,0.254355400696864
0.205056179775281,0.254178272980501
0.205056179775281,0.254001391788448
0.205056179775281,0.253824756606398
0.205056179775281,0.253648366921473
0.205056179775281,0.253472222222222
0.205056179775281,0.253296321998612
0.205056179775281,0.253120665742025
0.205056179775281,0.252945252945253
0.205056179775281,0.252770083102493
0.205056179775281,0.252595155709343
0.205056179775281,0.252420470262794
0.205056179775281,0.25224602626123
0.20561797752809,0.252762430939227
0.20561797752809,0.252587991718426
0.20561797752809,0.252413793103448
0.20561797752809,0.25223983459683
0.20561797752809,0.252066115702479
0.206179775280899,0.25258086717137
0.206179775280899,0.252407152682256
0.206741573033708,0.252920962199313
0.206741573033708,0.252747252747253
0.206741573033708,0.252573781743308
0.206741573033708,0.252400548696845
0.206741573033708,0.252227553118574
0.207303370786517,0.252739726027397
0.207303370786517,0.252566735112936
0.207303370786517,0.252393980848153
0.207303370786517,0.252221462747779
0.207303370786517,0.252049180327869
0.207865168539326,0.252559726962457
0.207865168539326,0.252387448840382
0.207865168539326,0.252215405589639
0.207865168539326,0.252043596730245
0.207865168539326,0.251872021783526
0.207865168539326,0.251700680272109
0.207865168539326,0.251529571719918
0.207865168539326,0.251358695652174
0.207865168539326,0.251188051595384
0.207865168539326,0.251017639077341
0.207865168539326,0.250847457627119
0.208426966292135,0.251355013550136
0.208426966292135,0.251184834123223
0.208426966292135,0.251014884979702
0.208426966292135,0.250845165652468
0.208426966292135,0.250675675675676
0.208426966292135,0.25050641458474
0.208426966292135,0.250337381916329
0.208426966292135,0.250168577208361
0.208426966292135,0.25
0.208426966292135,0.24983164983165
0.208426966292135,0.249663526244953
0.208426966292135,0.249495628782784
0.208426966292135,0.249327956989247
0.208426966292135,0.249160510409671
0.208426966292135,0.248993288590604
0.208426966292135,0.248826291079812
0.208426966292135,0.248659517426273
0.208426966292135,0.248492967180174
0.208426966292135,0.248326639892905
0.208426966292135,0.248160535117057
0.208426966292135,0.247994652406417
0.208426966292135,0.247828991315965
0.208426966292135,0.247663551401869
0.208426966292135,0.247498332221481
0.208426966292135,0.247333333333333
0.208426966292135,0.247168554297135
0.208426966292135,0.247003994673768
0.208426966292135,0.246839654025283
0.208426966292135,0.246675531914894
0.208426966292135,0.246511627906977
0.208426966292135,0.246347941567065
0.208426966292135,0.246184472461845
0.208426966292135,0.246021220159151
0.208426966292135,0.245858184227966
0.208426966292135,0.245695364238411
0.208426966292135,0.245532759761747
0.208426966292135,0.24537037037037
0.208426966292135,0.245208195637806
0.208426966292135,0.245046235138705
0.208426966292135,0.244884488448845
0.208426966292135,0.244722955145119
0.208426966292135,0.244561634805537
0.208426966292135,0.244400527009223
0.208426966292135,0.244239631336406
0.208426966292135,0.244078947368421
0.208426966292135,0.243918474687705
0.208988764044944,0.244415243101183
0.208988764044944,0.244254760341431
0.208988764044944,0.244094488188976
0.208988764044944,0.243934426229508
0.208988764044944,0.243774574049803
0.208988764044944,0.243614931237721
0.208988764044944,0.243455497382199
0.208988764044944,0.24329627207325
0.208988764044944,0.243137254901961
0.208988764044944,0.242978445460483
0.208988764044944,0.242819843342037
0.208988764044944,0.2426614481409
0.208988764044944,0.242503259452412
0.208988764044944,0.242345276872964
0.208988764044944,0.2421875
0.208988764044944,0.24202992843201
0.208988764044944,0.241872561768531
0.208988764044944,0.241715399610136
0.208988764044944,0.241558441558442
0.208988764044944,0.241401687216093
0.208988764044944,0.24124513618677
0.208988764044944,0.241088788075178
0.208988764044944,0.240932642487047
0.209550561797753,0.241423948220065
0.210112359550562,0.241914618369987
0.210112359550562,0.241758241758242
0.210112359550562,0.241602067183463
0.210112359550562,0.241446094254358
0.210112359550562,0.241290322580645
0.210112359550562,0.24113475177305
0.210112359550562,0.240979381443299
0.210112359550562,0.240824211204121
0.210112359550562,0.240669240669241
0.210674157303371,0.241157556270096
0.210674157303371,0.241002570694087
0.210674157303371,0.240847784200385
0.210674157303371,0.240693196405648
0.210674157303371,0.240538806927518
0.210674157303371,0.240384615384615
0.210674157303371,0.240230621396541
0.210674157303371,0.240076824583867
0.210674157303371,0.239923224568138
0.210674157303371,0.239769820971867
0.210674157303371,0.23961661341853
0.210674157303371,0.239463601532567
0.210674157303371,0.239310784939375
0.210674157303371,0.239158163265306
0.210674157303371,0.239005736137667
0.210674157303371,0.238853503184713
0.21123595505618,0.239338001273074
0.21123595505618,0.239185750636132
0.21123595505618,0.239033693579148
0.21123595505618,0.238881829733164
0.21123595505618,0.238730158730159
0.21123595505618,0.238578680203046
0.211797752808989,0.239061509194673
0.211797752808989,0.238910012674271
0.211797752808989,0.238758708043065
0.211797752808989,0.238607594936709
0.211797752808989,0.238456672991777
0.211797752808989,0.238305941845765
0.211797752808989,0.238155401137082
0.211797752808989,0.23800505050505
0.211797752808989,0.237854889589905
0.211797752808989,0.237704918032787
0.211797752808989,0.23755513547574
0.211797752808989,0.237405541561713
0.211797752808989,0.23725613593455
0.211797752808989,0.237106918238994
0.211797752808989,0.236957888120679
0.211797752808989,0.236809045226131
0.211797752808989,0.236660389202762
0.212359550561798,0.237139272271016
0.212359550561798,0.236990595611285
0.212359550561798,0.236842105263158
0.212359550561798,0.236693800876644
0.212359550561798,0.236545682102628
0.212359550561798,0.236397748592871
0.212359550561798,0.23625
0.212359550561798,0.236102435977514
0.212359550561798,0.235955056179775
0.212359550561798,0.235807860262009
0.212359550561798,0.235660847880299
0.212359550561798,0.235514018691589
0.212359550561798,0.235367372353674
0.212359550561798,0.235220908525202
0.212359550561798,0.235074626865672
0.212359550561798,0.234928527035426
0.212359550561798,0.234782608695652
0.212359550561798,0.23463687150838
0.212359550561798,0.234491315136476
0.212359550561798,0.234345939243645
0.212359550561798,0.234200743494424
0.212359550561798,0.23405572755418
0.212921348314607,0.234529702970297
0.212921348314607,0.234384662956092
0.212921348314607,0.234239802224969
0.212921348314607,0.234095120444719
0.212921348314607,0.233950617283951
0.213483146067416,0.234423195558297
0.213483146067416,0.234278668310727
0.213483146067416,0.234134319162046
0.213483146067416,0.233990147783251
0.213483146067416,0.233846153846154
0.213483146067416,0.23370233702337
0.213483146067416,0.233558696988322
0.213483146067416,0.233415233415233
0.213483146067416,0.233271945979128
0.214044943820225,0.233742331288344
0.214044943820225,0.233599019006744
0.214044943820225,0.233455882352941
0.214044943820225,0.233312921004287
0.214606741573034,0.233782129742962
0.214606741573034,0.233639143730887
0.214606741573034,0.233496332518337
0.214606741573034,0.233353695784973
0.214606741573034,0.233211233211233
0.214606741573034,0.23306894447834
0.214606741573034,0.232926829268293
0.214606741573034,0.232784887263864
0.214606741573034,0.232643118148599
0.214606741573034,0.232501521606817
0.214606741573034,0.232360097323601
0.214606741573034,0.232218844984802
0.214606741573034,0.232077764277035
0.214606741573034,0.231936854887675
0.214606741573034,0.231796116504854
0.214606741573034,0.231655548817465
0.214606741573034,0.231515151515152
0.214606741573034,0.23137492428831
0.214606741573034,0.231234866828087
0.214606741573034,0.231094978826376
0.214606741573034,0.230955259975816
0.214606741573034,0.230815709969789
0.214606741573034,0.230676328502415
0.214606741573034,0.230537115268558
0.214606741573034,0.230398069963812
0.214606741573034,0.230259192284509
0.214606741573034,0.230120481927711
0.215168539325843,0.230583985550873
0.215168539325843,0.230445246690734
0.215168539325843,0.230306674684305
0.215168539325843,0.230168269230769
0.215730337078652,0.230630630630631
0.215730337078652,0.230492196878751
0.215730337078652,0.230353929214157
0.215730337078652,0.23021582733813
0.215730337078652,0.230077890952666
0.215730337078652,0.229940119760479
0.215730337078652,0.229802513464991
0.215730337078652,0.229665071770335
0.215730337078652,0.229527794381351
0.215730337078652,0.229390681003584
0.215730337078652,0.229253731343284
0.215730337078652,0.229116945107399
0.215730337078652,0.228980322003578
0.216292134831461,0.229439809296782
0.216292134831461,0.229303156640858
0.216292134831461,0.229166666666667
0.216292134831461,0.229030339083879
0.216292134831461,0.228894173602854
0.216292134831461,0.228758169934641
0.216292134831461,0.228622327790974
0.216292134831461,0.228486646884273
0.216292134831461,0.228351126927639
0.216292134831461,0.228215767634855
0.216292134831461,0.228080568720379
0.216292134831461,0.227945529899349
0.216292134831461,0.227810650887574
0.216292134831461,0.227675931401538
0.216292134831461,0.227541371158392
0.216292134831461,0.22740696987596
0.216292134831461,0.227272727272727
0.216292134831461,0.227138643067847
0.216292134831461,0.227004716981132
0.216292134831461,0.226870948733058
0.216292134831461,0.226737338044759
0.216292134831461,0.226603884638022
0.216292134831461,0.226470588235294
0.216292134831461,0.226337448559671
0.216292134831461,0.2262044653349
0.216292134831461,0.226071638285379
0.216292134831461,0.22593896713615
0.216292134831461,0.225806451612903
0.216292134831461,0.22567409144197
0.21685393258427,0.226127709431752
0.21685393258427,0.225995316159251
0.21685393258427,0.225863077823288
0.21685393258427,0.225730994152047
0.21685393258427,0.225599064874343
0.21685393258427,0.225467289719626
0.21685393258427,0.22533566841798
0.21685393258427,0.225204200700117
0.21685393258427,0.225072886297376
0.21685393258427,0.224941724941725
0.21685393258427,0.224810716365754
0.21685393258427,0.224679860302678
0.21685393258427,0.224549156486329
0.21685393258427,0.224418604651163
0.21685393258427,0.224288204532249
0.21685393258427,0.224157955865273
0.21685393258427,0.224027858386535
0.217415730337079,0.224477958236659
0.217415730337079,0.224347826086957
0.217415730337079,0.224217844727694
0.217415730337079,0.224088013896931
0.217415730337079,0.223958333333333
0.217415730337079,0.223828802776171
0.217415730337079,0.223699421965318
0.217415730337079,0.223570190641248
0.217977528089888,0.224018475750577
0.217977528089888,0.223889209463358
0.217977528089888,0.223760092272203
0.217977528089888,0.223631123919308
0.217977528089888,0.223502304147465
0.217977528089888,0.223373632700058
0.217977528089888,0.223245109321059
0.217977528089888,0.223116733755032
0.217977528089888,0.222988505747126
0.217977528089888,0.222860425043079
0.217977528089888,0.222732491389208
0.217977528089888,0.222604704532415
0.217977528089888,0.222477064220183
0.217977528089888,0.222349570200573
0.217977528089888,0.222222222222222
0.217977528089888,0.222095020034345
0.217977528089888,0.221967963386728
0.217977528089888,0.221841052029731
0.218539325842697,0.222285714285714
0.218539325842697,0.222158766419189
0.218539325842697,0.22203196347032
0.218539325842697,0.221905305191101
0.218539325842697,0.221778791334094
0.219101123595506,0.222222222222222
0.219101123595506,0.222095671981777
0.219101123595506,0.221969265793967
0.219101123595506,0.221843003412969
0.219101123595506,0.221716884593519
0.219101123595506,0.221590909090909
0.219101123595506,0.221465076660988
0.219101123595506,0.221339387060159
0.219101123595506,0.221213840045377
0.219101123595506,0.22108843537415
0.219101123595506,0.220963172804533
0.219101123595506,0.22083805209513
0.219101123595506,0.220713073005093
0.219101123595506,0.220588235294118
0.219101123595506,0.220463538722442
0.219101123595506,0.220338983050847
0.219101123595506,0.220214568040655
0.219101123595506,0.220090293453725
0.219101123595506,0.219966159052453
0.219101123595506,0.219842164599775
0.219101123595506,0.219718309859155
0.219101123595506,0.219594594594595
0.219101123595506,0.219471018570625
0.219101123595506,0.219347581552306
0.219101123595506,0.219224283305228
0.219101123595506,0.219101123595506
0.219101123595506,0.218978102189781
0.219101123595506,0.218855218855219
0.219101123595506,0.218732473359506
0.219101123595506,0.218609865470852
0.219101123595506,0.218487394957983
0.219101123595506,0.218365061590146
0.219101123595506,0.218242865137101
0.219101123595506,0.218120805369128
0.219101123595506,0.217998882057015
0.219101123595506,0.217877094972067
0.219101123595506,0.217755443886097
0.219101123595506,0.217633928571429
0.219662921348315,0.218070273284997
0.219662921348315,0.217948717948718
0.219662921348315,0.217827298050139
0.219662921348315,0.217706013363029
0.219662921348315,0.217584863661658
0.219662921348315,0.217463848720801
0.219662921348315,0.217342968315731
0.219662921348315,0.217222222222222
0.219662921348315,0.217101610216546
0.219662921348315,0.216981132075472
0.219662921348315,0.216860787576262
0.219662921348315,0.216740576496674
0.219662921348315,0.216620498614958
0.219662921348315,0.216500553709856
0.219662921348315,0.216380741560598
0.219662921348315,0.216261061946903
0.219662921348315,0.216141514648977
0.219662921348315,0.216022099447514
0.219662921348315,0.215902816123689
0.219662921348315,0.215783664459161
0.219662921348315,0.215664644236073
0.219662921348315,0.215545755237045
0.219662921348315,0.215426997245179
0.219662921348315,0.215308370044053
0.219662921348315,0.215189873417722
0.219662921348315,0.215071507150715
0.219662921348315,0.214953271028037
0.219662921348315,0.214835164835165
0.219662921348315,0.214717188358045
0.219662921348315,0.214599341383095
0.219662921348315,0.214481623697202
0.219662921348315,0.214364035087719
0.219662921348315,0.214246575342466
0.219662921348315,0.214129244249726
0.219662921348315,0.214012041598248
0.219662921348315,0.213894967177243
0.219662921348315,0.213778020776381
0.219662921348315,0.213661202185792
0.219662921348315,0.213544511196068
0.219662921348315,0.213427947598253
0.219662921348315,0.213311511183852
0.219662921348315,0.21319520174482
0.219662921348315,0.213079019073569
0.219662921348315,0.212962962962963
0.219662921348315,0.212847033206315
0.219662921348315,0.212731229597388
0.220224719101124,0.2131593257205
0.220224719101124,0.21304347826087
0.220224719101124,0.212927756653992
0.220224719101124,0.212812160694897
0.220224719101124,0.212696690179056
0.220224719101124,0.212581344902386
0.220224719101124,0.212466124661247
0.220224719101124,0.212351029252438
0.220786516853933,0.212777476989713
0.220786516853933,0.212662337662338
0.220786516853933,0.212547322877231
0.220786516853933,0.212432432432432
0.220786516853933,0.212317666126418
0.220786516853933,0.212203023758099
0.220786516853933,0.212088505126821
0.220786516853933,0.211974110032362
0.220786516853933,0.211859838274933
0.220786516853933,0.211745689655172
0.220786516853933,0.211631663974152
0.220786516853933,0.211517761033369
0.220786516853933,0.21140398063475
0.220786516853933,0.211290322580645
0.220786516853933,0.211176786673831
0.220786516853933,0.211063372717508
0.220786516853933,0.210950080515298
0.220786516853933,0.210836909871245
0.220786516853933,0.210723860589812
0.220786516853933,0.210610932475884
0.220786516853933,0.210498125334762
0.220786516853933,0.210385438972163
0.220786516853933,0.210272873194221
0.220786516853933,0.210160427807487
0.220786516853933,0.21004810261892
0.220786516853933,0.209935897435897
0.220786516853933,0.209823812066204
0.221348314606742,0.210245464247599
0.221348314606742,0.210133333333333
0.221348314606742,0.21002132196162
0.221348314606742,0.209909429941396
0.221348314606742,0.209797657082002
0.221348314606742,0.209686003193188
0.221348314606742,0.209574468085106
0.221348314606742,0.209463051568315
0.221348314606742,0.209351753453773
0.221348314606742,0.209240573552841
0.221348314606742,0.209129511677282
0.221910112359551,0.209549071618037
0.221910112359551,0.209437963944857
0.221910112359551,0.209326974032856
0.221910112359551,0.209216101694915
0.221910112359551,0.209105346744309
0.221910112359551,0.208994708994709
0.221910112359551,0.20888418826018
0.221910112359551,0.20877378435518
0.221910112359551,0.208663497094559
0.221910112359551,0.208553326293559
0.221910112359551,0.20844327176781
0.221910112359551,0.208333333333333
0.221910112359551,0.208223510806537
0.221910112359551,0.208113804004215
0.221910112359551,0.208004212743549
0.221910112359551,0.207894736842105
0.221910112359551,0.207785376117833
0.221910112359551,0.207676130389064
0.221910112359551,0.207566999474514
0.221910112359551,0.207457983193277
0.221910112359551,0.207349081364829
0.221910112359551,0.207240293809024
0.221910112359551,0.207131620346093
0.221910112359551,0.207023060796646
0.221910112359551,0.206914614981666
0.221910112359551,0.206806282722513
0.221910112359551,0.206698063840921
0.221910112359551,0.206589958158996
0.221910112359551,0.206481965499216
0.221910112359551,0.206374085684431
0.221910112359551,0.206266318537859
0.221910112359551,0.20615866388309
0.221910112359551,0.206051121544079
0.221910112359551,0.205943691345151
0.221910112359551,0.205836373110995
0.221910112359551,0.205729166666667
0.221910112359551,0.205622071837585
0.221910112359551,0.205515088449532
0.221910112359551,0.205408216328653
0.221910112359551,0.205301455301455
0.22247191011236,0.205714285714286
0.22247191011236,0.205607476635514
0.223033707865169,0.206019719771666
0.223033707865169,0.205912863070539
0.223033707865169,0.20580611715915
0.223033707865169,0.205699481865285
0.223033707865169,0.20559295701709
0.223595505617978,0.206004140786749
0.223595505617978,0.205897568546301
0.223595505617978,0.205791106514995
0.223595505617978,0.205684754521964
0.223595505617978,0.205578512396694
0.223595505617978,0.205472379969024
0.223595505617978,0.205366357069143
0.223595505617978,0.205260443527592
0.223595505617978,0.205154639175258
0.223595505617978,0.20504894384338
0.223595505617978,0.204943357363543
0.223595505617978,0.204837879567679
0.223595505617978,0.204732510288066
0.223595505617978,0.204627249357326
0.223595505617978,0.204522096608428
0.223595505617978,0.204417051874679
0.223595505617978,0.204312114989733
0.223595505617978,0.204207285787583
0.223595505617978,0.204102564102564
0.224157303370787,0.204510507432086
0.224157303370787,0.204405737704918
0.224157303370787,0.204301075268817
0.224157303370787,0.204196519959058
0.224157303370787,0.204092071611253
0.224157303370787,0.20398773006135
0.224157303370787,0.203883495145631
0.224157303370787,0.203779366700715
0.224157303370787,0.203675344563553
0.224157303370787,0.203571428571429
0.224157303370787,0.203467618561958
0.224157303370787,0.203363914373089
0.224157303370787,0.203260315843097
0.224157303370787,0.203156822810591
0.224157303370787,0.203053435114504
0.224157303370787,0.2029501525941
0.224157303370787,0.202846975088968
0.224157303370787,0.202743902439024
0.224157303370787,0.20264093448451
0.224157303370787,0.20253807106599
0.224157303370787,0.202435312024353
0.224157303370787,0.202332657200811
0.224157303370787,0.202230106436898
0.224157303370787,0.202127659574468
0.224157303370787,0.202025316455696
0.224157303370787,0.201923076923077
0.224157303370787,0.201820940819423
0.224157303370787,0.201718907987867
0.224157303370787,0.201616978271854
0.224157303370787,0.201515151515152
0.224157303370787,0.201413427561837
0.224157303370787,0.201311806256307
0.224157303370787,0.201210287443268
0.224157303370787,0.201108870967742
0.224157303370787,0.201007556675063
0.224157303370787,0.200906344410876
0.224157303370787,0.200805234021137
0.224719101123595,0.201207243460765
0.224719101123595,0.201106083459025
0.224719101123595,0.201005025125628
0.224719101123595,0.200904068307383
0.224719101123595,0.200803212851406
0.224719101123595,0.200702458605118
0.224719101123595,0.200601805416249
0.224719101123595,0.200501253132832
0.224719101123595,0.200400801603206
0.224719101123595,0.200300450676014
0.224719101123595,0.2002002002002
0.224719101123595,0.200100050025012
0.224719101123595,0.2
0.224719101123595,0.199900049975012
0.224719101123595,0.1998001998002
0.224719101123595,0.199700449326011
0.224719101123595,0.199600798403194
0.224719101123595,0.199501246882793
0.224719101123595,0.199401794616152
0.224719101123595,0.199302441454908
0.224719101123595,0.199203187250996
0.224719101123595,0.199104031856645
0.224719101123595,0.199004975124378
0.224719101123595,0.198906016907011
0.224719101123595,0.198807157057654
0.224719101123595,0.198708395429707
0.224719101123595,0.198609731876862
0.224719101123595,0.198511166253102
0.224719101123595,0.198412698412698
0.224719101123595,0.198314328210213
0.224719101123595,0.198216055500496
0.224719101123595,0.198117880138683
0.224719101123595,0.198019801980198
0.224719101123595,0.197921820880752
0.224719101123595,0.19782393669634
0.225280898876404,0.198220464656451
0.225842696629213,0.198616600790514
0.225842696629213,0.198518518518519
0.225842696629213,0.198420533070089
0.225842696629213,0.198322644301924
0.225842696629213,0.198224852071006
0.225842696629213,0.198127156234598
0.225842696629213,0.198029556650246
0.225842696629213,0.197932053175775
0.225842696629213,0.197834645669291
0.225842696629213,0.197737333989179
0.225842696629213,0.1976401179941
0.225842696629213,0.197542997542998
0.225842696629213,0.197445972495088
0.225842696629213,0.197349042709867
0.225842696629213,0.197252208047105
0.225842696629213,0.197155468366846
0.225842696629213,0.197058823529412
0.225842696629213,0.196962273395394
0.225842696629213,0.196865817825661
0.225842696629213,0.196769456681351
0.225842696629213,0.196673189823875
0.225842696629213,0.196577017114914
0.225842696629213,0.196480938416422
0.225842696629213,0.19638495359062
0.225842696629213,0.1962890625
0.225842696629213,0.196193265007321
0.225842696629213,0.19609756097561
0.225842696629213,0.196001950268162
